0_000.jpg,0
0_001.jpg,0
0_002.jpg,0
0_003.jpg,0
0_004.jpg,0
0_005.jpg,0
0_006.jpg,0
0_007.jpg,0
0_008.jpg,0
0_009.jpg,0
0_010.jpg,0
0_011.jpg,0
0_012.jpg,0
0_013.jpg,0
0_014.jpg,0
0_015.jpg,0
0_016.jpg,0
0_017.jpg,0
0_018.jpg,0
0_019.jpg,0
0_020.jpg,0
0_021.jpg,0
0_022.jpg,0
0_023.jpg,0
0_024.jpg,0
0_025.jpg,0
0_026.jpg,0
0_027.jpg,0
0_028.jpg,0
0_029.jpg,0
0_030.jpg,0
0_031.jpg,0
0_032.jpg,0
0_033.jpg,0
0_034.jpg,0
0_035.jpg,0
0_036.jpg,0
0_037.jpg,0
0_038.jpg,0
0_039.jpg,0
0_040.jpg,0
0_041.jpg,0
0_042.jpg,0
0_043.jpg,0
0_044.jpg,0
1_000.jpg,1
1_001.jpg,1
1_002.jpg,1
1_003.jpg,1
1_004.jpg,1
1_005.jpg,1
1_006.jpg,1
1_007.jpg,1
1_008.jpg,1
1_009.jpg,1
1_010.jpg,1
1_011.jpg,1
1_012.jpg,1
1_013.jpg,1
1_014.jpg,1
1_015.jpg,1
1_016.jpg,1
1_017.jpg,1
1_018.jpg,1
1_019.jpg,1
1_020.jpg,1
1_021.jpg,1
1_022.jpg,1
1_023.jpg,1
1_024.jpg,1
1_025.jpg,1
1_026.jpg,1
1_027.jpg,1
1_028.jpg,1
1_029.jpg,1
1_030.jpg,1
1_031.jpg,1
1_032.jpg,1
1_033.jpg,1
1_034.jpg,1
1_035.jpg,1
1_036.jpg,1
1_037.jpg,1
1_038.jpg,1
1_039.jpg,1
1_040.jpg,1
1_041.jpg,1
1_042.jpg,1
1_043.jpg,1
1_044.jpg,1
2_000.jpg,2
2_001.jpg,2
2_002.jpg,2
2_003.jpg,2
2_004.jpg,2
2_005.jpg,2
2_006.jpg,2
2_007.jpg,2
2_008.jpg,2
2_009.jpg,2
2_010.jpg,2
2_011.jpg,2
2_012.jpg,2
2_013.jpg,2
2_014.jpg,2
2_015.jpg,2
2_016.jpg,2
2_017.jpg,2
2_018.jpg,2
2_019.jpg,2
2_020.jpg,2
2_021.jpg,2
2_022.jpg,2
2_023.jpg,2
2_024.jpg,2
2_025.jpg,2
2_026.jpg,2
2_027.jpg,2
2_028.jpg,2
2_029.jpg,2
2_030.jpg,2
2_031.jpg,2
2_032.jpg,2
2_033.jpg,2
2_034.jpg,2
2_035.jpg,2
2_036.jpg,2
2_037.jpg,2
2_038.jpg,2
2_039.jpg,2
2_040.jpg,2
2_041.jpg,2
2_042.jpg,2
2_043.jpg,2
2_044.jpg,2
2_045.jpg,2
2_046.jpg,2
2_047.jpg,2
2_048.jpg,2
2_049.jpg,2
2_050.jpg,2
2_051.jpg,2
2_052.jpg,2
3_000.jpg,3
3_001.jpg,3
3_002.jpg,3
3_003.jpg,3
3_004.jpg,3
3_005.jpg,3
3_006.jpg,3
3_007.jpg,3
3_008.jpg,3
3_009.jpg,3
3_010.jpg,3
3_011.jpg,3
3_012.jpg,3
3_013.jpg,3
3_014.jpg,3
3_015.jpg,3
3_016.jpg,3
3_017.jpg,3
3_018.jpg,3
3_019.jpg,3
3_020.jpg,3
3_021.jpg,3
3_022.jpg,3
3_023.jpg,3
3_024.jpg,3
3_025.jpg,3
3_026.jpg,3
3_027.jpg,3
3_028.jpg,3
3_029.jpg,3
3_030.jpg,3
3_031.jpg,3
3_032.jpg,3
3_033.jpg,3
3_034.jpg,3
3_035.jpg,3
3_036.jpg,3
3_037.jpg,3
3_038.jpg,3
3_039.jpg,3
3_040.jpg,3
3_041.jpg,3
3_042.jpg,3
3_043.jpg,3
3_044.jpg,3
4_000.jpg,4
4_001.jpg,4
4_002.jpg,4
4_003.jpg,4
4_004.jpg,4
4_005.jpg,4
4_006.jpg,4
4_007.jpg,4
4_008.jpg,4
4_009.jpg,4
4_010.jpg,4
4_011.jpg,4
4_012.jpg,4
4_013.jpg,4
4_014.jpg,4
4_015.jpg,4
4_016.jpg,4
4_017.jpg,4
4_018.jpg,4
4_019.jpg,4
4_020.jpg,4
4_021.jpg,4
4_022.jpg,4
4_023.jpg,4
4_024.jpg,4
4_025.jpg,4
4_026.jpg,4
4_027.jpg,4
4_028.jpg,4
4_029.jpg,4
4_030.jpg,4
4_031.jpg,4
4_032.jpg,4
4_033.jpg,4
4_034.jpg,4
4_035.jpg,4
4_036.jpg,4
4_037.jpg,4
4_038.jpg,4
4_039.jpg,4
4_040.jpg,4
4_041.jpg,4
4_042.jpg,4
4_043.jpg,4
4_044.jpg,4
5_000.jpg,5
5_001.jpg,5
5_002.jpg,5
5_003.jpg,5
5_004.jpg,5
5_005.jpg,5
5_006.jpg,5
5_007.jpg,5
5_008.jpg,5
5_009.jpg,5
5_010.jpg,5
5_011.jpg,5
5_012.jpg,5
5_013.jpg,5
5_014.jpg,5
5_015.jpg,5
5_016.jpg,5
5_017.jpg,5
5_018.jpg,5
5_019.jpg,5
5_020.jpg,5
5_021.jpg,5
5_022.jpg,5
5_023.jpg,5
5_024.jpg,5
5_025.jpg,5
5_026.jpg,5
5_027.jpg,5
5_028.jpg,5
5_029.jpg,5
5_030.jpg,5
5_031.jpg,5
5_032.jpg,5
5_033.jpg,5
5_034.jpg,5
5_035.jpg,5
5_036.jpg,5
5_037.jpg,5
5_038.jpg,5
5_039.jpg,5
5_040.jpg,5
5_041.jpg,5
5_042.jpg,5
5_043.jpg,5
5_044.jpg,5
6_000.jpg,6
6_001.jpg,6
6_002.jpg,6
6_003.jpg,6
6_004.jpg,6
6_005.jpg,6
6_006.jpg,6
6_007.jpg,6
6_008.jpg,6
6_009.jpg,6
6_010.jpg,6
6_011.jpg,6
6_012.jpg,6
6_013.jpg,6
6_014.jpg,6
6_015.jpg,6
6_016.jpg,6
6_017.jpg,6
6_018.jpg,6
6_019.jpg,6
6_020.jpg,6
6_021.jpg,6
6_022.jpg,6
6_023.jpg,6
6_024.jpg,6
6_025.jpg,6
6_026.jpg,6
6_027.jpg,6
6_028.jpg,6
6_029.jpg,6
6_030.jpg,6
6_031.jpg,6
6_032.jpg,6
6_033.jpg,6
6_034.jpg,6
6_035.jpg,6
6_036.jpg,6
6_037.jpg,6
6_038.jpg,6
6_039.jpg,6
6_040.jpg,6
6_041.jpg,6
6_042.jpg,6
6_043.jpg,6
6_044.jpg,6
6_045.jpg,6
6_046.jpg,6
6_047.jpg,6
6_048.jpg,6
6_049.jpg,6
6_050.jpg,6
6_051.jpg,6
6_052.jpg,6
6_053.jpg,6
6_054.jpg,6
6_055.jpg,6
6_056.jpg,6
6_057.jpg,6
6_058.jpg,6
6_059.jpg,6
6_060.jpg,6
6_061.jpg,6
6_062.jpg,6
6_063.jpg,6
6_064.jpg,6
6_065.jpg,6
6_066.jpg,6
